{
    "font-name": "MediaCmsVideoJsIcons",
    "root-dir": "./node_modules/material-design-icons/",
    "icons": [{
        "name": "default-view",
        "svg": "image/svg/production/ic_crop_5_4_48px.svg"
    }, {
        "name": "theater-view",
        "svg": "image/svg/production/ic_crop_7_5_48px.svg"
    }, {
        "name": "navigate-before",
        "svg": "image/svg/production/ic_navigate_before_48px.svg"
    }, {
        "name": "navigate-next",
        "svg": "image/svg/production/ic_navigate_next_48px.svg"
    }, {
        "name": "done",
        "svg": "action/svg/production/ic_done_48px.svg"
    }, {
        "name": "close",
        "svg": "navigation/svg/production/ic_close_48px.svg"
    }, {
        "name": "closed-caption",
        "svg": "av/svg/production/ic_closed_caption_48px.svg"
    }]
}
