[{"model": "files.encodeprofile", "pk": 19, "fields": {"name": "h264-2160", "extension": "mp4", "resolution": 2160, "codec": "h264", "description": "", "active": false}}, {"model": "files.encodeprofile", "pk": 22, "fields": {"name": "vp9-2160", "extension": "webm", "resolution": 2160, "codec": "vp9", "description": "", "active": false}}, {"model": "files.encodeprofile", "pk": 16, "fields": {"name": "h265-2160", "extension": "mp4", "resolution": 2160, "codec": "h265", "description": "", "active": false}}, {"model": "files.encodeprofile", "pk": 4, "fields": {"name": "h264-1440", "extension": "mp4", "resolution": 1440, "codec": "h264", "description": "", "active": false}}, {"model": "files.encodeprofile", "pk": 5, "fields": {"name": "vp9-1440", "extension": "webm", "resolution": 1440, "codec": "vp9", "description": "", "active": false}}, {"model": "files.encodeprofile", "pk": 6, "fields": {"name": "h265-1440", "extension": "mp4", "resolution": 1440, "codec": "h265", "description": "", "active": false}}, {"model": "files.encodeprofile", "pk": 7, "fields": {"name": "h264-1080", "extension": "mp4", "resolution": 1080, "codec": "h264", "description": "", "active": true}}, {"model": "files.encodeprofile", "pk": 8, "fields": {"name": "vp9-1080", "extension": "webm", "resolution": 1080, "codec": "vp9", "description": "", "active": false}}, {"model": "files.encodeprofile", "pk": 9, "fields": {"name": "h265-1080", "extension": "mp4", "resolution": 1080, "codec": "h265", "description": "", "active": false}}, {"model": "files.encodeprofile", "pk": 10, "fields": {"name": "h264-720", "extension": "mp4", "resolution": 720, "codec": "h264", "description": "", "active": true}}, {"model": "files.encodeprofile", "pk": 11, "fields": {"name": "vp9-720", "extension": "webm", "resolution": 720, "codec": "vp9", "description": "", "active": false}}, {"model": "files.encodeprofile", "pk": 12, "fields": {"name": "h265-720", "extension": "mp4", "resolution": 720, "codec": "h265", "description": "", "active": false}}, {"model": "files.encodeprofile", "pk": 13, "fields": {"name": "h264-480", "extension": "mp4", "resolution": 480, "codec": "h264", "description": "", "active": true}}, {"model": "files.encodeprofile", "pk": 14, "fields": {"name": "vp9-480", "extension": "webm", "resolution": 480, "codec": "vp9", "description": "", "active": false}}, {"model": "files.encodeprofile", "pk": 15, "fields": {"name": "h265-480", "extension": "mp4", "resolution": 480, "codec": "h265", "description": "", "active": false}}, {"model": "files.encodeprofile", "pk": 3, "fields": {"name": "h264-360", "extension": "mp4", "resolution": 360, "codec": "h264", "description": "", "active": true}}, {"model": "files.encodeprofile", "pk": 17, "fields": {"name": "vp9-360", "extension": "webm", "resolution": 360, "codec": "vp9", "description": "", "active": false}}, {"model": "files.encodeprofile", "pk": 18, "fields": {"name": "h265-360", "extension": "mp4", "resolution": 360, "codec": "h265", "description": "", "active": false}}, {"model": "files.encodeprofile", "pk": 2, "fields": {"name": "h264-240", "extension": "mp4", "resolution": 240, "codec": "h264", "description": "", "active": true}}, {"model": "files.encodeprofile", "pk": 20, "fields": {"name": "vp9-240", "extension": "webm", "resolution": 240, "codec": "vp9", "description": "", "active": false}}, {"model": "files.encodeprofile", "pk": 21, "fields": {"name": "h265-240", "extension": "mp4", "resolution": 240, "codec": "h265", "description": "", "active": false}}, {"model": "files.encodeprofile", "pk": 1, "fields": {"name": "preview", "extension": "gif", "resolution": null, "codec": null, "description": "", "active": true}}]
